{"cameraMode":{"drawMode":0,"name":"Shaded","section":"Shading Mode"},"sceneLighting":true,"audioPlay":false,"sceneViewState":{"m_AlwaysRefresh":false,"showFog":true,"showSkybox":true,"showFlares":true,"showImageEffects":true,"showParticleSystems":true,"showVisualEffectGraphs":true,"m_FxEnabled":false},"in2DMode":false,"pivot":{"x":5.548348426818848,"y":7.2095842361450199,"z":1.1595921516418458},"rotation":{"x":0.03539090231060982,"y":-0.0014991656644269825,"z":0.00005049646642873995,"w":0.9993667602539063},"size":16.018238067626954,"orthographic":true}