{"cameraMode":{"drawMode":0,"name":"Shaded","section":"Shading Mode"},"sceneLighting":false,"audioPlay":false,"sceneViewState":{"m_AlwaysRefresh":false,"showFog":true,"showSkybox":false,"showFlares":true,"showImageEffects":true,"showParticleSystems":true,"showVisualEffectGraphs":true,"m_FxEnabled":false},"in2DMode":false,"pivot":{"x":1.2300000190734864,"y":5.690000057220459,"z":-22.09000015258789},"rotation":{"x":-0.19595329463481904,"y":0.08608070760965347,"z":-0.017269112169742585,"w":-0.9766853451728821},"size":0.8660253882408142,"orthographic":false}